{
  "rmse": 1.4569697554156615,
  "r2": 0.99201978455147
}